x1,x2,class
0.4288123146206977,0.197300419992852,class-0
1.0119033118267453,0.32105233333216393,class-1
-1.2915111010958051,0.42709731679166757,class-1
0.7957031416997422,0.6186639374806492,class-1
0.5032846688166488,0.8130736316294986,class-1
0.6771468663576308,-0.24530054133253051,class-0
0.26429782197543344,0.7251994726731844,class-0
0.7454041973454018,-0.8859159959592792,class-1
1.2736403321516463,-0.4982678831003497,class-1
-0.7055540917782499,1.008001947245045,class-1
0.8735164244697508,-1.4922687866598638,class-2
0.6894049367802672,1.1066377842180926,class-1
0.998422823122174,-0.3091538113565132,class-1
-1.6646097350337665,1.6261427987831114,class-2
0.06122760847017328,0.07475532336563209,class-0
0.3169426170121629,1.9009356129945743,class-2
0.8842423057738108,1.1698009525885504,class-2
-0.6368595869286072,0.4196602448120655,class-0
-1.4869359725271176,-1.3985196480651843,class-2
-0.18078436389549102,-0.30656944713385026,class-0
-0.5376896974278628,0.30344475092404516,class-0
1.2974214212897037,0.11434689130368872,class-1
0.046900565690211025,0.6969855223430569,class-0
-0.5083893712580683,-0.6607420360353083,class-0
0.16135792464250795,-0.3947975629240973,class-0
0.264644005121289,0.9481214391006447,class-1
-0.29677326096569556,-0.3579060646290342,class-0
-1.8269285464778338,0.9435668819007444,class-2
0.5947785958245864,0.3681616950534575,class-0
-0.07306896840707273,-1.067016586417876,class-1
-1.0790755000679764,0.5891393590279725,class-1
1.1428096387775597,1.238362832510111,class-2
-0.35504864437215156,1.278329470318716,class-1
-0.569651434158326,-0.7661924712634459,class-1
-0.17860997454734448,1.017540916606753,class-1
1.6620767410146684,0.05277551629782262,class-2
-1.0306894014204686,-0.8618849289949396,class-1
0.17367664613852624,-0.701337191602714,class-0
1.002085216590409,0.5171968345390136,class-1
-0.05374450896912518,0.8129571123656494,class-0
-0.6715621005842627,0.11294803244203394,class-0
-2.7510133565856347,0.4236731987495631,class-2
-1.1126305612381386,-0.03269031700120314,class-1
-1.3824599249460918,1.540785811994749,class-2
-0.19015794373872816,0.0567425671620541,class-0
0.20664643809833885,0.7384908326063404,class-0
0.07237758628103405,-0.02180533808183465,class-0
0.19333066695273338,-0.09627330820209662,class-0
-1.8132332860030453,-1.0586105905291991,class-2
0.5047123656505609,-0.48095747041611425,class-0
-1.6564328651711504,1.2564363423451892,class-2
2.188056759288627,0.5319906076118036,class-2
-1.357402959786211,-0.26278338898246867,class-1
0.7738327436422795,1.1221750288016852,class-1
-1.3285796577239866,-0.01134518977528034,class-1
0.17259410391486618,-0.44272505218466185,class-0
1.0967006321083048,1.423962271769807,class-2
0.9262443215248913,-0.4735712337713081,class-1
-0.7327536296899959,-0.7016719100240756,class-1
0.49908979505332257,0.563459954183239,class-0
-0.878786888332108,1.0829627710191114,class-1
-0.7773900758589046,0.6933246903326009,class-1
-0.43635946871824044,-2.4078683269268857,class-2
0.5237602174456797,0.2714214938009425,class-0
-0.6809510758067541,-0.9017815867008206,class-1
0.7828371647378921,-1.4397742131100844,class-2
-1.4418444259997125,0.8573307655606177,class-2
-1.6999597206830213,-0.25939175593725616,class-2
0.04611410620104406,-0.050852521241074776,class-0
-0.21948055321432866,-0.9863267639250577,class-1
-1.425593315478103,0.8129142448974712,class-2
-1.0633124788617043,-0.7142461110535925,class-1
-0.8224315772548629,1.3169588366867038,class-2
-0.3453931546700472,-0.2748987578856162,class-0
-0.6693860527711348,-1.0204045638322368,class-1
0.1739160838337627,-0.16925088405630662,class-0
1.7188504904048219,-0.2871066925302493,class-2
-0.32201317720783634,-0.24099319385519619,class-0
0.09430857892896574,1.7274827380309878,class-2
-0.38959660685879244,0.553833331781546,class-0
-1.840329036234172,1.6101715293786063,class-2
0.3202774109710961,0.17549496796099245,class-0
2.1289465557455998,0.688678023685426,class-2
-1.156749670336056,-1.5378473259288705,class-2
1.497368970934125,-0.5045524370842177,class-2
-0.39643582943141487,1.3966284795073118,class-2
0.4083044634178372,-0.31055809067858187,class-0
-0.6571498307885644,0.3423511790296067,class-0
-0.019975428719903078,-0.666520481273515,class-0
-1.567329153524528,0.3783471956072637,class-2
1.8967381819965747,-0.7231156306389472,class-2
-1.2181079715493217,0.6535019520558621,class-1
0.38696529885454223,1.3676573314701472,class-1
0.4311209640974092,-0.6352916046860899,class-0
-1.7002048745480662,0.5283030346669183,class-2
-1.5608909027540654,-1.4280308331007647,class-2
0.6564812118350916,-0.4907721298228808,class-0
-0.8318812434238743,-0.10923243018654473,class-0
-1.7563610316384946,0.17865072858903483,class-2
-1.272824612061507,1.345406190611672,class-2
-1.3767297025036298,-0.4642210974332259,class-2
0.03731117466216158,-0.4996753249479805,class-0
-1.8045131792870404,-0.3694316894606993,class-2
1.239012992015965,2.6843457424233113,class-2
0.8659266183051019,1.0014686255341387,class-1
1.1940952499461512,-1.1161976113596896,class-2
0.8045010559489593,0.9160832241966544,class-1
-0.0779933965850558,1.3708991883097699,class-1
0.23576213240140492,-0.01824996520051934,class-0
1.0950588664813858,0.8292839134258868,class-1
-0.9965927363229516,-1.2323211470374407,class-2
1.6394886594175027,-0.09929271004165632,class-2
0.6788438705261987,-0.019195550400830694,class-0
0.042482538923175224,-1.0038910792188394,class-1
0.6541055958566111,0.8669902197282723,class-1
0.20023957346147908,0.008279274333433777,class-0
1.1247986445931917,-0.7993940761614355,class-1
2.289805797460459,1.927569385178195,class-2
0.8328993285973896,0.25178770689393903,class-0
-0.5581093577059559,-1.6921188885572191,class-2
0.7012555591767271,0.18160906625350978,class-0
-1.6211194770561796,-0.3257257767370883,class-2
-0.061553337935194664,-0.0421897004605349,class-0
-0.24134377440650479,0.1684019569354735,class-0
1.071124573784651,-0.7281567760677871,class-1
1.2271516741227928,0.45436370749865934,class-1
-0.6166050540454969,-0.37617660278168846,class-0
-0.4376082567569663,1.0587438299148093,class-1
-0.560186525218209,-2.0224615847208947,class-2
0.5290162998921087,0.05695444025489809,class-0
-1.1859110092328462,0.34489700824991926,class-1
-0.6043390715633118,-0.07581739581821335,class-0
-1.1082471527178652,1.5940821319518448,class-2
-0.31036637819207014,-0.9689293482485823,class-1
-0.6046620674952157,0.8257263629471786,class-1
-1.3829349503167812,-1.1809034515708055,class-2
-0.8639591168352135,-1.383453518068656,class-2
0.8119403283952916,1.337831020966117,class-2
-0.16858962081074902,-0.6476880256834309,class-0
1.126296559324147,0.7732543213170501,class-1
0.7177934951238125,-0.5354218773333488,class-0
-0.7093787075578609,1.876173413227712,class-2
0.04098678977594188,0.8294739292314663,class-0
2.019837891654255,-1.830391131909148,class-2
-0.06052052230630854,-1.051694888099702,class-1
0.7132198203959864,-0.07906198365827584,class-0
-0.8366279292906311,1.5832255296925064,class-2
1.546090168234707,0.8111432591099114,class-2
-1.2879473895179996,-2.631431883419906,class-2
1.368129807708867,-0.3562902946047844,class-1
0.9015512565747645,1.0601477052026598,class-1
-0.07753381519399347,0.6345402880572247,class-0
0.23394745213453977,-0.38267843755186814,class-0
1.2645783773384636,-0.4631648664714657,class-1
-0.747378228746292,-0.5313638668636889,class-0
-0.01360283444532232,1.457358558271021,class-2
-0.21795205326864608,-1.110652196249686,class-1
-0.30125523532680115,-0.3173455927286084,class-0
-0.6283840909951381,-0.3216625150584195,class-0
-0.07952726770819862,-2.3936841517341287,class-2
-1.1144758268713455,-0.3689794451099221,class-1
1.1968949518024157,0.08308051428205071,class-1
-1.2991955183123356,-0.37405964959128485,class-1
0.6349078041137199,-0.508717221097844,class-0
0.18780254789108838,-1.593717015351033,class-2
1.2559729204311547,-0.41916194183397215,class-1
-1.0845337932920514,-1.0162491744582494,class-2
1.0510951206993302,0.8207593039813063,class-1
0.03372539176212735,1.8830822530697335,class-2
0.7372913165470523,-0.1586166770513216,class-0
-0.8466117091333288,0.7312465066704062,class-1
-1.3454848362522223,0.6820595085768006,class-2
-0.8231180613480796,-0.16417941162050506,class-0
0.3251767965290638,-0.1667240330868389,class-0
0.9473623994599645,-0.7043251902085312,class-1
1.937454896938424,-0.15603976669318437,class-2
0.9582049172942336,-1.966439269136049,class-2
-0.207631052982379,-1.7499778742187968,class-2
-1.9478866372634722,0.7837187818145658,class-2
-0.5133112283233697,0.02772168847657001,class-0
1.1387347742736065,1.970258448634137,class-2
-0.23148498600021244,-0.01201207329946324,class-0
-0.86303490708299,-1.622933002681238,class-2
0.7477021151316466,0.9487069174930661,class-1
0.4027222168728204,-0.9111739763508288,class-1
-0.8469123283169792,1.7198462111025852,class-2
1.132034986295036,2.199098180556703,class-2
-0.18348724299850708,-1.669800153096347,class-2
-0.22182678125629193,0.6744012414943192,class-0
1.658207372611803,0.7862925633946097,class-2
-0.897046430645255,-0.6730468451270122,class-1
0.380198369153394,-0.17960649778617563,class-0
0.1646078453081554,-0.041737132376478726,class-0
-0.9962320562225203,-0.06154327388004871,class-1
1.2431834372143582,-0.8988131880349017,class-2
0.8496194674507047,-0.4438583504493367,class-1
-0.644386928798028,-1.9949452858132852,class-2
-1.4445574435247972,-1.6612794932777677,class-2
0.5871376842128475,-1.1284736297475466,class-1
0.6324424663678476,0.28995244074984855,class-0
-0.3590225638557857,0.23212851185866967,class-0
0.6310565180215059,-0.65408000981432,class-0
0.4314538339947598,0.878195463753168,class-1
-0.2977973995442889,-1.1767035145324671,class-1
0.13087411994862555,-0.7386321936418038,class-0
-0.3828169844248543,-1.3133748664752432,class-1
0.5821670444800581,0.15716234986881794,class-0
1.988768023914546,0.33411864962999654,class-2
-0.42850000482208533,-0.8204680929130882,class-0
0.3070645165702432,-0.13140290602223817,class-0
-0.5401533883742511,0.3140529675998594,class-0
0.40425719501345225,-0.8840154545592064,class-1
-1.0941152926680076,0.755901216596352,class-1
0.31170180213121856,-0.44876822448863096,class-0
0.5102790105320711,0.9978127182640276,class-1
-0.9433830493699357,-1.123901466865093,class-2
-0.3668276659070778,1.4977765412420228,class-2
1.106850182189822,-0.11405917237235645,class-1
-0.7413932766302571,1.6608024019379088,class-2
-1.373999547423306,-0.2690027758831089,class-1
-0.4019875576756351,0.7303621903339466,class-0
0.528517884394926,1.2813925489828368,class-1
-0.6235760912020152,-1.0086623143834552,class-1
1.3314788073977952,0.7618037780867832,class-2
-0.2714814676069348,0.15552242595499616,class-0
0.22964141638986943,-0.9219495270650608,class-1
0.6795122540794105,1.096706430340127,class-1
-0.9033434862969979,-0.08922545291666428,class-0
0.31504048918161526,-0.1663833293583238,class-0
0.18058320660836302,0.14523871678166522,class-0
1.2462673431229843,-0.5620903253041943,class-1
0.415976621217802,-0.7979934021814765,class-0
-0.8426199213902301,1.0030513096611837,class-1
0.19899651379193264,0.16610914393788453,class-0
2.1143317147300955,-0.9534189023776751,class-2
-0.40421701197361,0.12941125827559766,class-0
-0.9045146889894328,-0.30309294439469225,class-1
-1.6700054743748918,-0.5316619003196678,class-2
-1.1317367193176353,-0.8581472458966631,class-1
-1.795936551336686,-0.6611756348282652,class-2
0.15101229055781942,-0.28326750883946716,class-0
1.2107395389390851,0.6190371982862937,class-1
-0.05653974398173432,-1.3022392090163228,class-1
-1.689058449328896,-0.7193199901295528,class-2
-0.7705679143861808,-0.40073556918739084,class-0
-2.0734208889363828,-0.42905192684785065,class-2
0.7581061985174717,-0.08721559841564996,class-0
0.010175070741430444,0.18494228287440923,class-0
0.7372525329431979,-1.091611194628208,class-1
-1.859934861826606,-0.6053454033772814,class-2
0.07997649477807062,1.6117905913123958,class-2
0.32439997178791113,-0.35791109038116226,class-0
-0.877642419759575,0.7824934947006217,class-1
-0.05709044581346881,-0.1977173422776291,class-0
0.43483122076684505,-0.32275102611843537,class-0
0.675409118931041,-0.132643144259125,class-0
0.963296604859499,1.4504807848958854,class-2
-0.023977302497963874,0.4412715345216878,class-0
-0.5031452519015814,1.4439966655745458,class-2
-0.17742043820849684,-1.355529499576268,class-1
0.33029086313314077,-2.488562261791484,class-2
0.8293248239281591,-0.5818378319170209,class-1
0.31249168025713864,0.3193331896933858,class-0
0.48425756659430164,0.5337461037415729,class-0
-0.08456299914380815,-0.6722782721875988,class-0
1.0330749845985154,1.011847083639415,class-2
1.008902055390527,-0.9524352307904003,class-1
0.6083655428948375,0.5243260359979053,class-0
1.905941348457565,-0.46316761307279136,class-2
0.3672322994222134,1.5880441560695817,class-2
-0.16850663093486837,0.1994879422774132,class-0
2.0458172880882857,0.771038919953255,class-2
-1.5861016588219634,-0.6629787800892201,class-2
-0.8877580052112352,0.11486904353888214,class-0
1.2491406416911188,-0.300093961237384,class-1
0.057136355161263315,0.9241954659902013,class-0
0.2393084668203457,1.4293242627128546,class-2
1.3560781468067082,-0.7945605274085543,class-2
0.7579053961110119,1.459107157301978,class-2
-0.35710719224891874,-0.24468450883413131,class-0
0.3114481558247118,-0.11943587394371906,class-0
0.47107328094345274,0.21834643339789744,class-0
0.8523513568944722,-0.6845182122169692,class-1
-2.590545973120058,-0.0489651890222238,class-2
0.08607286499367499,0.6387830794482092,class-0
1.5222975633444826,0.07673423871651144,class-2
0.67021165563331,0.07176343071505195,class-0
-1.2935357435936636,1.0779538951057577,class-2
-0.7030628980011439,0.4339674224650475,class-0
0.42530240422786164,2.218739677200842,class-2
1.4812385485888035,-0.47857744462146706,class-2
0.7941400600761793,-0.2202546014960882,class-0
0.17865548101291287,0.4350843979662737,class-0
0.1317198895343158,-0.8988606069585929,class-0
0.11929670502201714,-0.0669599032971397,class-0
0.006464187197597223,-0.5573549836553883,class-0
-1.0301561334635947,2.4007449694593186,class-2
0.26320292299676007,-0.4156882002895627,class-0
1.4981952869151478,-0.13030659134911202,class-2
1.5511550445957039,-2.1663808434157783,class-2
0.5237772115586787,1.2305604288692062,class-1
-1.9913220473802107,0.2605174218537532,class-2
-0.4633223648366058,-1.0346576204369333,class-1
-0.026636644445163456,-0.588236459587683,class-0
0.4603298731798137,-1.3495488481743696,class-1
-0.009086574726255944,0.30312296159184327,class-0
-1.3527285378042933,0.3874318715842601,class-1
1.0382395928657568,0.08636756707342344,class-1
0.5600151474079267,-2.0190192250408825,class-2
-0.5399876357256903,-1.0919754746661545,class-1
-0.7820238651074395,0.00276183588393645,class-0
-0.05028297436249998,-0.6391235224719644,class-0
-0.13388892656571572,-1.006979473446641,class-1
-0.8039723988069778,0.7460881195396843,class-1
0.6024660957009005,1.0418521437480288,class-1
0.3426123982138901,0.22006963296671936,class-0
1.2317682294894925,-1.6404613570564084,class-2
0.768179564462847,-0.33317166483092703,class-0
0.9034490360911002,0.060608835674933005,class-0
0.562344039234167,-0.38780010886627264,class-0
-1.4576076789955075,0.27103780076212536,class-2
1.4567099500617942,0.3118141834772605,class-2
-1.4149758718760481,-1.2998942792963248,class-2
0.281735063829374,1.5683392760301245,class-2
1.1841725276601456,0.2997745637215646,class-1
0.597731708113624,1.2999740467257528,class-1
0.34981234254886373,0.5770258266684529,class-0
-0.2625403232820616,-0.5013654194839521,class-0
-1.5403374931213956,-1.3937933664700233,class-2
1.105631691524071,0.9217034851003533,class-1
0.4556896686672513,-1.0817028395804014,class-1
-2.7141073004910865,-0.7994983331634866,class-2
0.5196144598478016,1.6283459593913616,class-2
-0.6989504394636011,1.2522129097598176,class-1
1.062234330349603,-0.46743434382496996,class-1
0.8602042420204842,-2.1295130741100414,class-2
0.046771430840846465,-0.10715288103553652,class-0
-1.6239572087610412,0.16156301343998902,class-2
0.24186670151354087,-0.969523889519979,class-1
1.3358056664914943,-0.1408343628058571,class-1
1.091551424313997,0.533014079151139,class-1
-2.6237882355492657,-1.220670049681913,class-2
-0.8338000016355946,2.182356501192701,class-2
0.031022936999807037,0.6235221029507587,class-0
-0.08195178506309544,1.0908226678555195,class-1
-1.452795895888346,-1.3971579982180775,class-2
-0.1791497576634285,-1.2680142073833764,class-1
0.8805076638785394,0.4960884962925648,class-1
0.2767090439049846,0.732140563485116,class-0
1.2914035482160082,-3.3868137614883,class-2
-0.9729497793166654,0.20944693229641737,class-1
1.5730603660641642,-1.6087686632045235,class-2
0.8420383973247058,-0.8092882872442909,class-1
0.13829868978581025,-0.33991450576921695,class-0
-0.18319391822192532,0.6511614606523132,class-0
-0.28010452417997134,1.6226375380354172,class-2
0.9618543562049385,-1.1274230561465082,class-2
0.7260034325676684,-0.9406448976409142,class-1
0.24781127951452644,1.2831403052980808,class-1
-0.4241990220281109,-0.9401489144367132,class-1
2.136520745290102,-1.2637082939790019,class-2
0.5726081079140996,0.34869045175724583,class-0
-0.4320016042509393,2.3337565337055644,class-2
0.14534580275063477,0.6164364225217362,class-0
-0.08360113859092103,-1.9244881610488498,class-2
1.6216000997663216,-0.621627174035903,class-2
0.933783912872343,-0.3253628783514149,class-1
-0.9034264163689436,-0.7082677394030134,class-1
1.0845270464950882,0.4899405828000732,class-1
0.9372580895639391,1.5213301613321657,class-2
0.2827886964836766,-0.29071074335321945,class-0
0.5555886846689371,2.42928264295125,class-2
0.05435147854701664,-1.3434269671216956,class-1
-0.9642946397563682,0.9358815562717159,class-1
0.4906362214227146,-1.027902765713695,class-1
0.45026663463948674,0.21930963558017413,class-0
-0.9882688581768089,-1.7827047434480237,class-2
-0.6152291907079231,-1.641253202359863,class-2
0.06681488317740555,1.0769228252928504,class-1
0.14589253591685813,-1.8260454107319009,class-2
0.009044208198964412,2.1037319178163094,class-2
-0.7631488231437142,0.13575387991766508,class-0
0.7257668231630326,-0.45895688582457345,class-0
-0.5235443812868572,-0.037356841241938624,class-0
0.4455388465290052,1.1111993566532803,class-1
1.4612842775352368,-1.84391478826528,class-2
0.7070458941340707,2.7486449344838872,class-2
-0.454168586159589,0.3396018534216899,class-0
-0.15348803196896735,-2.0598049874083224,class-2
-0.13256567734489694,-0.37256884237644927,class-0
-0.45610573514057096,0.9651335905723796,class-1
-2.7610619661559896,-0.4167026002343339,class-2
-0.47066136172780243,1.4501926306346884,class-2
2.0120341309606107,0.13617288306482675,class-2
0.8645299085407953,1.518886581452663,class-2
0.06462103118053213,-1.6671563371773557,class-2
0.6130591757663258,-0.8614046347829709,class-1
0.17218409224015727,-0.06791473756253315,class-0
-0.24566527595940355,0.8616346629721463,class-0
0.1232302729146622,0.7094618174298554,class-0
0.8233094521041837,-1.0498792408927546,class-1
-0.8290374583532079,0.20170055991654703,class-0
-0.3247734732791751,2.3003956426851713,class-2
0.22987220812393777,1.4798860999138403,class-2
-0.510334983207748,0.21174971808112725,class-0
-0.7006526543445547,0.8826480770131198,class-1
-0.178219480385237,-1.3642477552179104,class-1
-0.15893573532878114,-0.4184710305171959,class-0
-2.8434852920517755,0.020493012926024876,class-2
-0.2548998448684591,0.4436139226821785,class-0
3.495877789600099,-1.4634059584266885,class-2
-1.268035549501153,0.12332907439053986,class-1
0.46999826076317,1.914712305997992,class-2
0.3675223025093705,-0.6162205534066079,class-0
2.26425812793778,0.6820962275998932,class-2
0.26356907353548437,-0.32705255875409617,class-0
1.125692816016916,-1.1991372343482705,class-2
-0.19600683347169046,-1.6626263222513549,class-2
0.4473993464667924,-0.7555033345997547,class-0
0.3597367643574598,0.16870626109520295,class-0
-1.0100459392838244,-1.0629096824531188,class-2
-0.9692776873321504,0.15469674934532343,class-1
-1.7428243317335752,-0.0049619840400380874,class-2
-0.20892848687957735,1.2679221333318873,class-1
-0.8056053984262593,1.0121364609085306,class-1
1.4703207720364857,0.3254317585362977,class-2
0.07236351099079716,0.21454334495696417,class-0
1.0108622403718392,-0.13051507989699376,class-1
-0.5376745811934424,1.0685208833869444,class-1
1.4990344046594257,0.0004212592371184664,class-2
0.8510692140206136,1.5005713689626685,class-2
0.3800787084417732,-1.1186193344335598,class-1
1.0675993008124904,0.84832950037633,class-1
-1.1937109876608283,-0.30134644969155117,class-1
0.5549401995673372,-1.4485898025162416,class-2
-0.5021030040988799,0.5586909660332754,class-0
0.5198648520122691,1.9436030481831703,class-2
0.8663199502620572,1.6076409211162175,class-2
0.08070662638674134,-0.6311897694433802,class-0
-0.7891416283926023,0.3456134163853686,class-0
-0.7018341629884417,-0.23728118109032606,class-0
-0.8386895237038932,0.4028217210829767,class-1
0.31353796728351535,-0.8814336084580743,class-1
-0.3682252752410914,-0.45973073137422704,class-0
-1.0939142302122355,0.8788823340756451,class-1
-0.9441956443765975,-0.4858626884043041,class-1
0.5363913722844591,0.3069377073595517,class-0
-0.10665129143639568,1.390427474406382,class-1
0.56568707966939,-0.0607314103854932,class-0
0.47060260077504473,0.7301133565097351,class-0
1.058504300451178,-0.48037749098032195,class-1
-0.36969705597108654,-0.3650982227406636,class-0
0.17330469928579412,-0.9562774575651327,class-1
-2.011958027499815,-0.011390408478731559,class-2
0.7706386789501385,-0.8204578495556687,class-1
-0.4972676139223384,-0.6409043492480827,class-0
-2.0084837161435005,-0.3172885656638249,class-2
0.4615124050158089,0.9034807085406811,class-1
0.10852127607235619,-0.41783832412135335,class-0
0.39844386335668186,0.4372310975470408,class-0
1.1941601825244574,1.5653726745846495,class-2
0.6766479392992815,1.444487488946501,class-2
-0.16577119760145495,-1.0817474872988404,class-1
0.15744792496076662,-0.48635689354981293,class-0
-0.557281124104081,-1.0640342352010974,class-1
0.3561668772248425,0.04867483832682586,class-0
-2.924925179196677,1.247811197916247,class-2
0.36425021222298903,0.22645903111344676,class-0
0.4569673645334697,1.3129026539197837,class-1
-0.4886876301510091,1.3491263481684062,class-1
0.2945247424538556,-1.7174957341407595,class-2
-0.5626134828286562,2.278248703181248,class-2
1.3669904326788433,0.23320596398520743,class-1
-0.41665478787825744,-0.2598474170031256,class-0
0.18716402048616199,0.22992646789343035,class-0
-0.9657850201389447,0.4268269747660109,class-1
-1.2203173772157754,-0.7186819254432798,class-1
1.0024164586720072,1.084726142174945,class-2
-1.7694585953165944,-0.6246366426741136,class-2
1.6019475065123963,1.6804956304146477,class-2
0.7834863215921029,0.44262418923334534,class-0
0.41623636692759547,1.0761833213303202,class-1
-0.9896139590028159,-0.24390322132546324,class-1
0.5513945495913973,0.7026923848187651,class-0
1.968476308426545,-0.45196898961448945,class-2
0.7551192439725588,2.5046166802715693,class-2
-0.6473154083300372,0.21899252333399247,class-0
0.6938784449806538,1.5960797355331489,class-2
0.5117376690790052,-0.8553305143892584,class-1
-1.2614189917514007,0.5073410218928746,class-1
-0.42642702511316743,0.08966225110825957,class-0
-0.8545761803683251,-1.639709118870289,class-2
0.6649554577357163,-0.9881633476704093,class-1
-1.748746076136388,1.9810808939292175,class-2
0.23958888072416873,0.48415911893295277,class-0
-0.26095483295925803,-1.2877754452982377,class-1
0.20624754573786294,-1.2051417922042769,class-1
0.6521218714555364,0.1323378273533645,class-0
0.019154915057859004,0.22970074716785507,class-0
-0.35884641691291935,0.05662845181217025,class-0
0.03859186273228057,0.4111821595842892,class-0
1.6061194918312938,1.5624595068621143,class-2
-0.9049146520560105,1.455060582481769,class-2
-0.8022022842362012,-0.3753769555930878,class-0
2.239743039927865,0.460070606347438,class-2
2.082348744095585,-1.1573199869844844,class-2
0.39061317772936166,0.7929329404859182,class-0
1.3141518113477852,-0.441605223421021,class-1
-0.5084553400297436,-0.11517292776994209,class-0
-0.41550951638969097,0.6474088785748029,class-0
1.2543135329386388,-0.20079499686862437,class-1
0.13727613567828928,1.1622007890407522,class-1
0.7380803749096508,0.11088947888776789,class-0
0.18884635713091394,-1.6741856988139034,class-2
0.774124900678212,0.6309590770229132,class-1
-0.19618814585246605,-0.6711436067631215,class-0
-0.8289276130048954,-0.6217015562388877,class-1
0.009226434144327274,1.2588833732895297,class-1
-1.4716914426706882,-0.26217370286384084,class-2
0.6647140863088895,0.09096897677540905,class-0
-0.41500158233511925,-2.5297162106054607,class-2
-0.9968173024969644,0.06475976170456565,class-1
-0.9942767116889544,-0.37496407794779296,class-1
1.435435785839352,-2.209351605823344,class-2
0.7490898442530696,1.108788382475365,class-1
0.5966438335337123,0.7695314690509986,class-1
-0.8313994672674534,0.6975866003471783,class-1
-2.2981115871297453,-0.5186805821357181,class-2
1.3740213421331244,-1.5428131420699671,class-2
0.7888992980334508,-0.27191200107343627,class-0
0.35034177922839693,0.29785609420602127,class-0
1.0545935162270592,0.1989026621503274,class-1
-0.7290791631026989,1.0479129691305784,class-1
-0.7979594777414443,-0.14473065128572005,class-0
-0.07384592716454927,0.7965755075290015,class-0
0.4826940516161541,-0.9275121935254043,class-1
0.15161882736063023,0.025426702611634773,class-0
-1.0173336567547735,0.03240144136967392,class-1
0.9557079561210825,1.9190008932186058,class-2
-0.21754074858394365,-1.4890003551239719,class-2
0.9485082037166699,0.034852876391766284,class-1
-0.5722970527840657,-1.3210064958651702,class-1
-0.27267803158009984,0.24301185700970085,class-0
0.5718780661783558,-0.7487835886440163,class-1
1.6900238454179433,-0.385382401062678,class-2
1.6387919313339259,0.6100587675562035,class-2
-0.09368006193836467,-0.8208911395056712,class-0
0.86531690202038,0.764096078496275,class-1
2.920752565885881,-0.9128643177636298,class-2
-1.581257570919481,0.03611017533012821,class-2
0.4420790368010079,1.2211310785264933,class-1
-0.4358303409215121,0.06929406054888966,class-0
-0.0486068948728155,0.4486131033181622,class-0
-0.8114896777335243,0.3887201230511087,class-0
-1.880443055124838,0.49317200320172117,class-2
-0.7931253451671499,1.0608136862553892,class-1
1.0930685866132108,0.5753696271923753,class-1
-0.09772305307091878,1.4117093759314558,class-1
0.13119009034388346,0.08642851707843523,class-0
-2.427203257678265,-0.8703916337536574,class-2
0.15542733074293652,2.465733955419929,class-2
-0.5749499553868769,-0.35244486577601764,class-0
0.6600105931171182,1.435247026472536,class-2
-1.0170366693914479,0.9412578547947976,class-1
0.13315121142428596,0.301420515516767,class-0
-0.33265481807827224,1.2676393760604587,class-1
1.2332147039387547,1.9734095902484603,class-2
0.7193514492908354,0.5422987693057414,class-0
-0.13045986903936505,-0.39530547743974637,class-0
-0.6835938001649233,0.7095335773073748,class-1
-0.8824590482322486,-1.4235706421811276,class-2
0.6268336570281299,0.18648795396695048,class-0
1.1344805200843187,-0.8124049989897638,class-1
-1.7783509672653808,-0.6549459608026902,class-2
0.8981397208166358,-1.0754227768446651,class-1
-1.381109755914747,1.3851489252123237,class-2
-0.5706713486133254,0.734218218708196,class-1
-0.27417751336442336,-0.0909281728236752,class-0
-1.2668944715238513,0.04425938607032916,class-1
0.8699356524480258,1.1151667740890134,class-1
-0.7601730551152204,0.1779168070098723,class-0
-0.3119019831088788,0.5132324268151828,class-0
0.856450680015159,1.763557440006718,class-2
1.9438768931086035,-1.6229112474511733,class-2
-0.7385354255011861,-1.0920457994509594,class-1
-0.3175731988237379,-0.6754614448557782,class-0
-1.0785370725119967,-0.8949373535413653,class-1
-0.9420659015623665,0.4540138017167675,class-1
1.669228754640302,2.4344086332376818,class-2
1.5168128671298737,0.3578383486710236,class-2
-0.6913173710167768,-2.2236120309955307,class-2
-1.1412904047560541,0.6570600687590077,class-1
0.1502233549368725,-1.9624402248468504,class-2
-1.943987429485133,2.6997141404195095,class-2
0.7393058408322967,0.8163391559383438,class-1
0.539473373693372,0.21690644373236276,class-0
-0.2542481314127337,0.04136854399889045,class-0
-0.20521297449919623,0.8578831061314305,class-0
0.060136977968292246,0.3475891025627698,class-0
2.4291443220121534,1.3003131921355924,class-2
-0.6199341874048961,2.407377583931219,class-2
0.46955916935292735,-1.006560991087902,class-1
1.075393445646077,0.3631193416713573,class-1
-0.1610615030138018,0.4050405434371863,class-0
0.2180755086527237,0.020947365525143383,class-0
1.8606844458705387,0.8593100976934448,class-2
-0.9923428398748506,0.3858843830843258,class-1
-0.48675700850928494,0.1418351671429033,class-0
-0.013172988522326835,-0.19052836766367762,class-0
1.0653476265416306,-0.6343431058356785,class-1
-0.018303484021489465,0.39724460924145283,class-0
-0.9540617477463222,-0.953604613019698,class-1
0.027322760864173432,-1.283177427929808,class-1
-2.5803716559651195,0.513549025019274,class-2
-0.5821115937904281,-0.588038578458875,class-0
2.6735109703964786,0.9568337311560969,class-2
-0.41063469198080127,-0.5073836817460986,class-0
2.467203710812492,-0.9923582864905137,class-2
0.8015143188770092,0.9773153010514682,class-1
-0.8201217200962095,-1.9357655472112385,class-2
-1.8107976005596345,0.48306335926132365,class-2
-0.2386067692562958,1.2865648221706096,class-1
0.8994350407557219,0.7445840271996791,class-1
-0.5582085328318197,-0.18207447009192648,class-0
-0.6032078961176216,-0.6365257231756023,class-0
-1.3277158957566129,-0.015819710262067736,class-1
-0.06210932992018467,1.2288392950725533,class-1
0.5608927226818058,-1.2533911712241548,class-1
0.6481372699075333,0.7558549597599394,class-1
0.0438749637607155,0.3786662342514116,class-0
0.2639281535048868,1.6916021653774134,class-2
1.244529910676643,0.010082966881209852,class-1
0.8028040582132207,2.896518605519746,class-2
-1.264144135027662,-1.0934365820964118,class-2
-1.2062713092828017,-1.2802684093629393,class-2
-0.4062022386218326,-1.1623071563876177,class-1
0.0482802803994069,-0.429607443958124,class-0
-0.4114209726593703,0.5287488457996609,class-0
-0.0271584334040762,0.5743084408384841,class-0
1.7820783180614812,-1.0651846840834458,class-2
-1.085456076896216,0.7084210428945821,class-1
0.4460000946671858,-0.7032715225634733,class-0
-1.0736290060021147,0.36427340580443873,class-1
-0.3499781271544168,0.5494747924987342,class-0
2.3332893216497825,1.9552300309077781,class-2
-0.8343130740405719,0.5834429784980668,class-1
-0.14200761302952686,-0.7588521310376378,class-0
-0.5643772140185209,-0.07109262568726467,class-0
0.1744592948367024,-0.8362881187253874,class-0
0.647267486440488,-1.8587273710936711,class-2
0.37348118773216055,-0.7087850802465393,class-0
1.137706202714778,0.3495949993602971,class-1
-0.0011467890754636246,-0.7220679929956276,class-0
0.41857668266008285,-0.32701368599348823,class-0
0.37305893532063655,2.0019459668029733,class-2
-0.7960160652158775,-0.5596626897839663,class-1
-0.274228357054531,-0.9993127576501374,class-1
0.7041771224811357,1.1211148799491177,class-1
-1.5943284932814579,1.6935664695282915,class-2
0.947984119856982,-0.13510926719083818,class-1
1.2163120393494031,0.1671392132106304,class-1
0.24501859546046723,-0.1974295386420392,class-0
0.935392053798128,-0.2040932970155869,class-1
0.21489575383822024,-1.407042213542425,class-1
-0.14122253565425064,1.340282570333991,class-1
-1.9313768607930384,0.8702489939113104,class-2
-0.07582362151826307,0.8755079805115086,class-0
-1.3819953225931907,0.24990170911772747,class-1
-0.8339843541994671,-0.13929201177662912,class-0
0.697065274014387,-0.23916638006903776,class-0
1.1393810148356187,0.41802617841187023,class-1
1.2919466965668656,1.3488294204391502,class-2
-0.304804089517739,0.7389154710436832,class-0
-0.1701796665065516,-1.3140673085340397,class-1
-0.1508356206065558,-0.23699917106016016,class-0
-0.6021053527812588,0.2733667459719246,class-0
-0.4201135615760179,-0.6827823584210693,class-0
-0.36040998556985365,-0.27428503071260146,class-0
-0.8133546477889175,-0.20528027419497888,class-0
0.9197052932271652,1.0578685276747382,class-1
-1.5247054499878059,-1.3535598561343933,class-2
-1.230775545766081,-0.26034049072176124,class-1
0.08318971672151429,-1.5201757055584442,class-2
0.9626689195855317,2.363717869296701,class-2
-0.9071263462552507,1.0566552837727923,class-1
-0.8667229746284533,-1.225767816757602,class-2
0.2926513874005982,0.00799689961726585,class-0
2.307020916953611,-0.17877508378290563,class-2
0.354617568017944,-0.044954586772383044,class-0
-0.8894487492395482,-0.32848297141053373,class-1
0.36645716629797204,-0.2569544903534993,class-0
0.6546541629080077,0.18465277590460072,class-0
-0.2458499789779966,-0.614236618548697,class-0
-0.7054256480791758,0.06231564543053688,class-0
-0.4325322616990184,1.3270781020136666,class-1
1.1877191771664013,1.5355623779154153,class-2
1.9542972380253116,1.2446527815353008,class-2
-0.6278933377832894,-2.8918325989502067,class-2
0.7866041086160771,-0.5422377180278297,class-1
0.906857695125735,-0.2154982023198693,class-1
-0.983793917690822,0.9907980883522075,class-1
-0.03677630569544812,-1.015213403145215,class-1
0.9674877492386388,-0.5609352142237467,class-1
0.04172271121569786,2.562527659332516,class-2
-1.4773280409061398,0.257760882860111,class-2
-0.5937953222563245,-0.9657574156062594,class-1
0.8161174360573329,-1.3080485215584186,class-2
-0.5031569042742675,-1.4115661551839571,class-2
0.19356939925357777,-0.6026858478277888,class-0
1.9124094099167985,0.864154213470886,class-2
-1.5175371320153943,-0.9960351277026638,class-2
-1.0992282503581436,-0.3518241723372218,class-1
-1.3583300842097628,-1.0032141903900413,class-2
0.026127472935788817,-1.7349276321350622,class-2
0.6176703682657487,0.698249913777816,class-1
-0.3359795095729449,0.4327285991301843,class-0
0.5690792595356432,1.2325248831179065,class-1
1.209266110968739,-1.4395640533761842,class-2
-0.8009807933177084,1.5064217220015799,class-2
1.268909642515826,0.43463236547063433,class-1
-0.8655131847760066,0.2083552959592792,class-0
0.21991715060593411,-1.3260950590468563,class-1
0.7982540714254448,-0.19586082008783778,class-0
-0.8441166171661257,-0.25614059403542655,class-0
-2.515038452535007,0.028202711521927642,class-2
1.0667188300543264,-0.32191314113009034,class-1
1.42025693244196,-0.5347156078106451,class-2
-0.01338461565303896,0.5364167323950428,class-0
0.06651827396067966,-0.6320607578870588,class-0
1.4483508569292767,-0.16742420168359312,class-2
2.4793894187099115,2.2671801950982227,class-2
-0.12818546958576715,0.6597211996563939,class-0
0.19592214835427738,1.869269283216241,class-2
-0.9731153602213203,-1.877442885236109,class-2
0.11643824066339366,-0.1010387768819228,class-0
0.6714806010069174,0.661422784083347,class-1
1.2386320480411208,0.11471061816396835,class-1
1.3693876725962943,-1.760578594241603,class-2
0.3898868194723952,-0.7723697843143003,class-0
-1.405249190773309,-0.03578968593829679,class-1
0.31403162435367016,-1.0114220713710964,class-1
1.4690233975407674,-0.35794383140131436,class-2
-1.2314687485942084,1.3074841895433447,class-2
-1.0692505939521582,-1.9365187345081158,class-2
-0.02809031340802223,-0.22012368028997004,class-0
-0.4341101794959805,-0.5437794332233397,class-0
0.5373156575442041,1.3343503259492993,class-1
0.13418517417771947,0.11278786262909331,class-0
-0.7202290875189514,0.01909471995756535,class-0
-1.2124572788492276,1.1354850163627703,class-2
0.41515398434871015,-0.6620797883339692,class-0
-0.8647221345190883,-1.210070720101203,class-2
1.8822922338341885,0.009931019733270987,class-2
1.596048491395556,-0.356738563259028,class-2
-0.03917237060621958,-0.06255508598837396,class-0
1.1651237398201346,0.021881320571318308,class-1
-0.5911167373847088,0.7632609218748418,class-1
0.5980576964529088,-0.849386915155905,class-1
0.43388085090023226,-2.6267862573507106,class-2
-0.6582734432013181,-0.393757316473212,class-0
-0.6702500217262376,0.26740698235546406,class-0
1.4475869245124284,0.10617496974650213,class-2
-0.8007575527262181,-1.2644249196175634,class-2
-0.5019717073646935,-0.2632548302636291,class-0
1.4827147941724148,-0.48107355738448426,class-2
-0.13678327496942902,1.0898355364504335,class-1
0.08156303498436555,1.3065574617643476,class-1
0.21923166775497352,1.2892698627156363,class-1
0.8065641766809994,0.20604951787951314,class-0
-0.5491469770457174,1.269678839602134,class-1
-1.1563171123346443,2.256272265137851,class-2
-0.012581382817597533,0.7226834412059608,class-0
-1.9801504590549874,-0.5017289049288782,class-2
0.3712128680568303,1.1532385785452397,class-1
-0.48839173081703213,0.4201179982519729,class-0
-1.7760023389385369,0.9274074917888051,class-2
-1.5122755927410747,-0.8993741271546539,class-2
0.2869174286723232,-0.11562211495745531,class-0
0.2907410969511788,-0.3606874694774592,class-0
2.1908251598727517,-1.3785293500432472,class-2
-1.0248061533371278,-0.5205049079705885,class-1
-0.5597319121401069,0.3824265617351101,class-0
1.7963239264846849,0.796982182713619,class-2
1.2706310606582234,-0.7073053403283327,class-2
-0.23623613149791714,-0.5280338385633047,class-0
0.2325949082278164,-0.21975049584272882,class-0
1.1693940736962583,-0.19251622384255335,class-1
1.3668364606054457,-0.8442790185229957,class-2
1.0871951843953045,0.18183903720506076,class-1
-0.9732317753280502,-0.9637150678568247,class-1
-0.2791084748996939,1.0277044066056897,class-1
-0.07638963626683336,-0.14751956461805613,class-0
0.287987594927325,0.7835830685472929,class-0
-1.4958781980554177,0.8821047822408783,class-2
-1.5327353688957595,1.0329547332286124,class-2
0.6441898605375508,-1.5645830261135425,class-2
-0.9158973937997199,-1.1384850899376828,class-2
0.5174217991894656,-0.5675049338871236,class-0
1.5827872541220913,0.2746810739928528,class-2
0.8065820954107351,-1.6114674308385473,class-2
0.6878633271870178,0.4196655225980695,class-0
1.726626506496595,0.10379718109609347,class-2
-0.9653605443802138,1.6785759531740878,class-2
-0.8600608551230751,0.5568411785529204,class-1
0.7789106802120574,-0.0912575523316285,class-0
1.8511659419467084,0.16101788550445562,class-2
0.05341748090954408,-1.3134891316906248,class-1
-0.5701458792830355,0.6184845127865221,class-0
-0.6784854050250794,-0.03821102747132102,class-0
1.0763719952411803,0.5923519211081734,class-1
-1.4507119177434764,-0.3167533293985182,class-2
-0.11224746695165881,0.7029537919068678,class-0
0.07592053425948668,-1.6100714474143767,class-2
-0.3548073501842204,-0.378295274261212,class-0
-1.2587316492630107,-1.00915828934963,class-2
-0.3239198165469296,1.329996837546657,class-1
0.5387289760525086,-0.21127525515031384,class-0
1.6869878630253914,1.6739384181225205,class-2
-0.1826620398637007,-0.4362417701168167,class-0
-0.44415535763277153,0.32937314558352676,class-0
-0.7527553491247774,-0.7888365616368728,class-1
-1.3208237738789572,2.2362836507959862,class-2
0.4486897683389067,1.556049439477057,class-2
0.7469234690710594,1.9564182531884509,class-2
0.08891432581307872,1.0918913141541096,class-1
-0.5108128257696115,-0.040939328618838,class-0
-1.2743687463793785,0.6260764255078172,class-1
-0.310368783581295,-0.6011481365959827,class-0
0.46619034234711976,-1.7545421038662703,class-2
0.17737917091446778,-2.0998732322190468,class-2
0.9425685485361891,0.8604560484222035,class-1
-0.808141854407269,-0.7154716971314717,class-1
-0.7889407687590703,-0.4708289765138265,class-0
1.1154666830952116,-0.6654539330308965,class-1
0.24919854273565617,0.4214734498759029,class-0
-1.4081033738128916,1.0818261510402631,class-2
0.8624334095553571,0.3405080927420234,class-1
-0.4300992037619455,0.08635531550037072,class-0
-0.6490537204283726,-0.3466533614301105,class-0
0.08106287069365692,-0.8049906609302881,class-0
1.1188256537064214,-0.7436616133667655,class-1
0.15448399571906116,0.11032110584719063,class-0
-1.2829393292982947,-0.9218709716032621,class-2
-2.364902425390615,0.7115159902687391,class-2
-0.20899996069373228,-0.6405294565074873,class-0
1.2440339481348617,-2.203160460825862,class-2
-0.7737251795095957,1.5380654361054693,class-2
-0.5745469761338794,-0.4198634610863194,class-0
-1.1096455045207572,-0.8398252474521676,class-1
-0.9343516085785111,-0.6662387242582275,class-1
-0.4283452397058618,-2.0469346867227998,class-2
0.8018309825449195,-0.596988390975772,class-1
0.9830827052059001,-0.30872115327850763,class-1
-0.036595862562551394,0.35597712395974557,class-0
0.39440853272418014,-0.17145682497313391,class-0
-0.7923688948043105,0.3390544511329788,class-0
-0.24444432992436366,-1.001358499230551,class-1
0.33793372063466215,-0.25039864737008577,class-0
0.8089292004712981,-0.7104525498349515,class-1
-2.3216304066999154,-1.0656997173554419,class-2
-1.2567613448956396,0.5854907437496162,class-1
0.09992517221724088,0.8657527330095898,class-0
-0.8987672245273987,-2.0029490206721627,class-2
0.5839549948781336,-1.904452240256916,class-2
-1.6550629923331868,2.136559128802725,class-2
2.1919073547444152,0.680657939531544,class-2
0.5623166206232582,0.4172634478581861,class-0
0.2018995596284508,-0.7779188126673808,class-0
0.8415046798159969,0.3696203543393301,class-0
0.8811231392795259,0.7018757813079195,class-1
-1.2831450084462561,1.3172828077775847,class-2
0.054020726047489774,1.3466658228367874,class-1
1.4345402087170027,1.3839804911720175,class-2
0.8523451664617671,-0.0063464210728351005,class-0
1.3891630478705959,0.8110883397895909,class-2
-0.41105779186704344,-0.1309492221844728,class-0
-0.6690046228798174,-0.9575052833155407,class-1
-2.199610718500554,-1.7124394575643138,class-2
0.15354863832074128,0.14250382257616556,class-0
-0.5030805391046554,-1.2500684892063942,class-1
0.053522797899045245,0.24293735442570713,class-0
0.49941106919460265,-0.2805766779448092,class-0
-0.08316871080203542,1.2117242984706877,class-1
-0.004003141835183874,-0.24917583794395778,class-0
0.20526689360108463,-0.2622960121898327,class-0
0.33014261578907306,0.8943678872123748,class-1
-0.5977603327764287,0.1689996603111536,class-0
0.4383825801284031,-1.0317170119335606,class-1
-0.817401811088721,0.4356749109059113,class-1
0.35128880942454155,1.6898934566262898,class-2
0.451610682726256,-0.36553728375817224,class-0
0.9167449190592203,-0.6927314644886842,class-1
-0.9004292254644896,0.592101961043143,class-1
0.8497167564046113,-0.57528970990277,class-1
-0.02001889934442878,0.38361197078793213,class-0
1.0907235861498341,1.290515418870559,class-2
-0.9283716698222197,0.5677570770860688,class-1
-0.3864552307559256,0.9065657606837013,class-1
-0.5618856635474287,-1.3286052195955633,class-1
-0.3695308462563598,-0.041608457731060706,class-0
0.990194756489846,0.42475618113236224,class-1
-1.2960236202513922,0.5070812587595488,class-1
-0.9916604426336656,0.6894315705151325,class-1
-0.5826368742994515,-0.17124917543708565,class-0
0.2542582797409963,-0.37208824145295505,class-0
0.30808566075914057,-0.030385489509986232,class-0
0.1290647982401689,-0.48898148742915815,class-0
-0.18366303250246685,-0.8347633893923956,class-0
0.27187316277001694,1.1581108480243003,class-1
1.7218511629443316,-0.08425944683450466,class-2
-0.05905208225984015,1.7893130858641673,class-2
-0.12953140772243416,-1.3852570895073022,class-1
-0.6221278372567142,-0.553687742029664,class-0
-1.3378734912102326,0.5515592702124238,class-2
-0.3098820736437513,-1.79425723051006,class-2
1.4447124943642828,-0.03871382338034076,class-2
1.7713889743890159,0.4912029385010012,class-2
-0.05461267405809275,-0.23989891708016095,class-0
-1.3919462407031564,-1.0110417646098109,class-2
-0.23267190851999858,-1.0464779426244284,class-1
-1.120958225206357,-2.0187537065832903,class-2
-0.8600133615785398,-1.030014575863108,class-1
0.5603064413231057,-0.6156286744975648,class-0
-0.3695688528537811,-1.1235162049108292,class-1
1.3040884600469949,1.838768423766373,class-2
-0.8699801924749085,-0.6596263010599115,class-1
0.8586183980760154,-0.46806400249074526,class-1
-1.41495261071644,-2.5931461843417423,class-2
-0.09843898615563221,-0.43396614207281087,class-0
-0.596395217935485,1.0742676129098663,class-1
-0.6542002848756773,1.042360462492807,class-1
-0.18533712281575823,-1.741069310062649,class-2
-1.5649133692192694,-0.21719335006096485,class-2
0.11068240565582617,0.12569982217698403,class-0
0.5135684273533802,1.8670371088112274,class-2
1.2128209850318663,-0.5034355591611999,class-1
-0.7939366741048338,-2.7745368654343943,class-2
1.4751613474066878,-0.7886146977626303,class-2
-0.35349544620168666,-1.0381691470869339,class-1
1.6065473862883348,-0.8975666850003668,class-2
-0.07153721206451298,-0.6433243957646548,class-0
1.5609497990990675,2.035032701365911,class-2
2.2567513964341175,-0.30742344459825993,class-2
-0.198640259656028,0.6329676506008086,class-0
-2.5434981829554735,1.9871309706701052,class-2
-0.3665010555121015,-1.2801253069331895,class-1
-0.10667568194432107,1.1492593500306345,class-1
0.12855392339006536,-0.37378160519102877,class-0
0.8231941026928866,0.6831909103653128,class-1
-0.29353884215756676,0.11313423767997162,class-0
-0.9092601032328502,0.29054425947974594,class-1
-0.018349020904106537,1.3117839002075757,class-1
0.937391149279786,-0.2233505408837356,class-1
0.5919846851245532,0.8950086680601209,class-1
-1.0954334572945867,0.5460735131371113,class-1
-0.9131989057816112,-0.28218057902524896,class-1
-0.14852755236163276,0.7363894701845974,class-0
-0.7393506193664882,-0.7217872012344094,class-1
-0.06700714194351028,-0.5713742214499119,class-0
0.9775680321615458,-0.7528447693857241,class-1
-0.42459357948019355,-0.22051308465767064,class-0
0.7226960095226193,-0.8623523730634445,class-1
-0.4731700706360385,-0.030570163417495192,class-0
-0.47700237991295996,0.6664503167133892,class-0
-0.26899450730334135,1.565171932528877,class-2
0.4602558635101262,1.3091443869175963,class-1
-1.3760422637893543,-0.33960163448836717,class-1
0.22650864967201126,0.2550533488895766,class-0
-0.8658664371290591,-0.7192433379629661,class-1
-0.1142879556018855,-0.15729742520090303,class-0
1.0318679825348305,1.345803267362869,class-2
0.8434143093959997,0.49521295312411195,class-1
1.019591813030795,-1.476947309645349,class-2
-1.2441751126778324,1.6643123877245405,class-2
-1.0794621147673265,-1.202416201934709,class-2
-0.3553118861179337,0.6102443756047459,class-0
-1.1195557260884106,-0.7390168700211478,class-1
1.1408554956216552,-0.01849258839304812,class-1
0.031966559270127905,1.2923332141681654,class-1
-0.6469451712496146,-1.0165608790123495,class-1
-0.5589947278819981,0.3400593668608015,class-0
-1.6885623167896844,1.142160028252862,class-2
0.18456435254537817,0.8891717235343964,class-0
1.5396068480015146,-0.6961523589631211,class-2
-1.4027427232362673,1.006304829651524,class-2
-0.5476298785147864,-0.44779755142266964,class-0
0.060321914532972226,-1.323271023105105,class-1
-1.1016619153794023,0.63629316843861,class-1
-1.0338144701807501,0.012477049335467458,class-1
1.765709266450403,-0.6278832144417893,class-2
-1.441519826963828,-0.5238998283439267,class-2
-0.8555672364232793,-1.027936761073339,class-1
0.6771597120657875,-0.36536299077273116,class-0
-0.24091124509361989,-1.5456501396999585,class-2
-0.9093647696406127,0.02887572314901021,class-0
-1.1981840326023356,1.0292217912338935,class-2
-1.4187085375474735,0.21364588151247146,class-1
-0.2959768434057342,1.0836060798301856,class-1
2.0773799955912433,1.4212829829524993,class-2
0.6403971849116776,0.1489719493272099,class-0
-0.9244972092556034,0.33016684119296735,class-1
-0.7411934002630799,-0.6442818174485494,class-1
-0.04366701974027218,-1.7889894127970047,class-2
0.9886805603447387,0.318105056052626,class-1
1.4461946654953937,-1.3888915541730793,class-2
0.894049597324794,-0.49671082393040833,class-1
0.26236238032366266,1.0511940109860407,class-1
-0.8593402836993107,1.1423851439741257,class-1
0.02632783394264882,0.7334528831410846,class-0
-2.57388211506442,-0.2543767758055499,class-2
-0.9710981815843147,-2.242955375059794,class-2
-0.7913844860820516,0.3394355548108988,class-0
-0.43260110655676587,-0.7911481105503015,class-0
0.36530099302178864,1.4020721472178432,class-2
1.1311512782861777,0.10295441698891143,class-1
-1.235837741352225,0.17437538567501717,class-1
-1.1417640925158001,0.535577446888429,class-1
0.1155979970637203,-1.116404779950032,class-1
-0.3975126389098622,-0.3157823764401705,class-0
-0.39833644413023683,1.1853697808237873,class-1
0.27319919902204376,0.44319865991572976,class-0
0.6878999679959102,1.6407289410055337,class-2
0.34828933009975854,-0.7324684570116543,class-0
-1.0106211707894057,1.7609895852253519,class-2
-0.28476697753719615,-0.6314847326853011,class-0
-0.19081740545434528,-0.03687956134379011,class-0
1.670162587348925,-0.4358189771662314,class-2
1.7251173322585722,0.6720605190937674,class-2
-0.2712051932607258,-0.6113227792191078,class-0
1.1842091459616908,-0.819865545033752,class-1
-0.38277518217832124,-1.0402502669908051,class-1
-0.9237864361929601,0.7674760725200329,class-1
1.3481478486069713,-0.7649452408782836,class-2
-0.2724277012442913,-0.07491084465501871,class-0
-0.025008706309041482,2.1056770663406312,class-2
0.6251488635103922,0.37921565683347,class-0
0.1530225937258849,-0.40318926655379017,class-0
-0.22965726872842973,-1.9352305848077576,class-2
-1.7581930072759717,0.6384509351645649,class-2
-0.8474296921179458,0.538806211751954,class-1
-0.3376507295931485,-0.3504454842362166,class-0
-1.1066194106812755,0.5728210055262651,class-1
2.060822801135346,0.5712476595884974,class-2
-0.3769951591670362,0.5757797826664528,class-0
1.0499842925713831,-0.31778060433606964,class-1
-1.6523670157038093,-1.475037198340117,class-2
0.8736596768942935,-0.49726396663617856,class-1
0.6157007293625533,-0.5651736316059788,class-0
-0.240227866272449,0.9160513231183111,class-1
-1.6073596570025797,-0.8997878627841726,class-2
0.5781170974738931,-0.5224021342270257,class-0
0.04293224521441284,1.3446761201021329,class-1
-0.5943663723462062,-0.19232391307236457,class-0
0.04352981075811124,1.608305472055386,class-2
-1.9334411067859811,1.688793913309905,class-2
0.1849008169289769,-1.0529650784003068,class-1
0.3056143612512159,-1.6126617580402274,class-2
1.6490662872004866,0.6264904015105582,class-2
0.408345164394778,-0.004699404440172449,class-0
-0.003507992008540084,-0.9700039675090428,class-1
0.22792967000995293,-0.9788092107990611,class-1
-0.8359948415962833,1.2743880873317186,class-2
-0.45813698721373425,-0.35771718226924426,class-0
1.0620161767955376,0.16751761253004238,class-1
-0.42946514350115844,0.8830461277010293,class-1
0.24234727836472436,-1.3461360359559427,class-1
-0.6368264497233397,-1.8577198613577113,class-2
-0.5998741686008157,1.098329200694048,class-1
-0.7697688778808768,-0.56045509827994,class-1
0.5799089674719204,1.1996586758585681,class-1
-1.0911290372028166,0.28786589832281284,class-1
-2.492356202902901,-0.9822400792231865,class-2
-0.5550121194496871,1.330807242034411,class-1
-0.4203951223616271,1.3626170266133677,class-1
0.4049140989591295,-0.042335658198237126,class-0
-0.7573105136779609,0.6480883646604091,class-1
1.447010666774807,1.3283905454118128,class-2
-1.1022803218631494,-0.8499195456886461,class-1
-0.3425770720815524,-1.7655828024375149,class-2
-0.2018200969345484,0.31988614027450907,class-0
0.26519863594830184,-0.6463152957693439,class-0
-0.29373808655807515,-1.2882056069825194,class-1
0.2020209369900072,0.21494016993893264,class-0
0.25796216158165786,-1.0195616317198861,class-1
0.31304970991314623,-0.03765994352544069,class-0
1.1389087540744147,0.11003309004750557,class-1
1.1502960263013935,0.2798426609976086,class-1
2.109444594642459,0.7846003184367084,class-2
-0.41138983002749074,-0.4840496363870183,class-0
0.5657169795528693,-0.4351636626281992,class-0
-0.23658035072914094,-0.3963938350478049,class-0
0.8011640198239227,2.11087263702428,class-2
-0.4600171610262952,-0.9525581228185633,class-1
0.650459960737697,0.43398982500670413,class-0
0.7849905788461563,1.116275663755115,class-1
-0.026691215160518755,-0.8735685338905581,class-0
-1.1125783020110505,-1.0303064732943388,class-2
-0.9178524318959371,-0.6455119260893958,class-1
0.08478286464395876,-0.08465254184842787,class-0
-0.027715566245399007,-0.37147149986155037,class-0
-1.0935571458882358,-0.8224709128492901,class-1
0.6195664721781072,0.4107306632690933,class-0
-1.2416162197960277,0.16626564590073342,class-1
0.25386120901458487,1.5689344956774955,class-2
0.6392695378569174,-1.466207830896165,class-2
-0.20462175126486848,0.004813307376784878,class-0
1.6405335708923698,-0.655578997329579,class-2
-0.771545086951487,-1.2775358221329547,class-2
-0.38423801846367056,0.5218087400187319,class-0
-0.19652211942738346,0.9491737064276725,class-1
0.3157358988773569,0.3056292304581544,class-0
-0.5454459989397435,-0.04903337343347808,class-0
1.1084566564428235,0.4180986054372352,class-1
1.1219057109821344,-0.8184039305286839,class-1
1.517520109063872,1.6953295328696896,class-2
-0.15650703083537273,1.3083158308914355,class-1
-0.4344807125496473,-1.5157103384012427,class-2
0.8100806519091857,-1.0778741029687253,class-1
0.10393883414889918,-0.579052547947254,class-0
1.4615262062765033,-0.872153679193295,class-2
2.210890992800781,0.35268953982261186,class-2
-0.30224967592152013,0.22351110632916493,class-0
0.5602370394884567,-0.8103836944249848,class-1
2.199526631161334,0.5320301932924523,class-2
1.6281495457568582,0.7559251916437938,class-2
-1.9613276561676345,-0.5643946415067032,class-2
1.1597912452893056,-0.376914225413896,class-1
-0.6475729955743991,-0.798190624421264,class-1
2.010481634591578,-0.9906951209440994,class-2
0.010642243232649957,-0.22423020660474796,class-0
-0.004824621905130248,0.7730133622538113,class-0
0.7504465708873735,-1.3013230789056454,class-2
0.9526804128416713,1.8303938561281654,class-2
-0.699318207827662,1.162458286592306,class-1
0.45077625365076845,0.707626329822504,class-0
-0.3887448252057818,2.3516020533744526,class-2
-1.1147477073248893,0.0976758555602795,class-1
-0.6556363796468532,0.14875089623521523,class-0
-0.049376903556185035,-0.30296445490192875,class-0
-1.8795606280100219,-1.1890728658038474,class-2
-0.057096610836053406,0.7336451466812959,class-0
1.6083893113571923,0.3549682547576656,class-2
0.6776396884833475,0.7905013606617233,class-1
0.20205461602564603,0.6523887162435664,class-0
-0.025402450744924792,-1.020301547261473,class-1
-1.7300337394352916,1.8832757674110623,class-2
0.12913695314517243,-0.17635533641868276,class-0
-1.6229275808300976,0.35343086648641237,class-2
-0.6075263423464762,0.7607696419593537,class-1
0.2085048211632423,-0.15961582524821177,class-0
1.4617381335348938,0.16105147859658853,class-2
-1.0356223474753286,1.1070642360651346,class-2
1.5445260036780937,0.9451937270135937,class-2
0.18971172872552536,0.9016109145684073,class-0
0.6544924900712037,0.005833546665433634,class-0
-0.3242360108482005,0.8029239690806602,class-0
-0.981645070175222,-1.0585200500425602,class-2
1.68354649877845,-0.5271213854151164,class-2
-0.07495596500940063,0.4855492953021359,class-0
0.23948946811277957,0.39964910541896764,class-0
-1.9627075800084366,-0.3946268121983994,class-2
0.0626760501619782,0.08985616291338219,class-0
1.6165704941174162,-1.0987024773847005,class-2
-0.8135437543979207,-1.9355846795170613,class-2
-0.43825911737856177,-0.5381590012067285,class-0
-1.400919328109129,0.0604427899258135,class-1
0.46504546101518207,0.16665282856351338,class-0
-1.2455205895013357,-0.7299409459020475,class-2
0.5791780192917145,0.3482722264027249,class-0
1.636825690112449,-1.0058126703621093,class-2
1.2706995850921912,0.630815849144619,class-1
1.219503568712245,1.036201832131722,class-2
-0.10412415422452258,0.7797554962888209,class-0
0.3882426477853441,-0.6964197929226035,class-0
0.2560548642832593,-0.32323796452209,class-0
-0.8172837500330771,0.7757856567932201,class-1
0.1546084295207779,1.18004536881117,class-1
1.3321891107607855,0.22659199149281042,class-1
0.3728329917986322,0.4705147617608019,class-0
1.1136942376836785,-1.9450687328637115,class-2
-0.3885741032391265,-0.8848163666896469,class-1
1.0541286760189787,1.4935827693088695,class-2
-1.748381656140865,0.13309373513678405,class-2
-0.4802023741470187,0.714086112952531,class-0
0.4473593021906108,-1.2139273806525643,class-1
0.5301913073429116,-1.9584415421346377,class-2
-0.44725959088283745,1.3495832390469993,class-1
-0.002166453227886297,1.2720589823398831,class-1
-0.21942392592350715,-0.08891970051876215,class-0
0.8424499249061446,-0.3627156895799299,class-0
0.3224669010017471,-0.22306703548074155,class-0
0.5957878015993596,-1.0174050212897083,class-1
-1.0069732718019149,-0.3127158000173764,class-1
-0.13404658325719543,-2.407344206983942,class-2
0.9214141806744788,-0.7539135293666445,class-1
0.2574300760580134,-0.9707606634025506,class-1
1.5530410762926485,-2.4819863357203054,class-2
-0.05201968845801409,1.6415269486441515,class-2
0.4556870289146901,0.6630992467401732,class-0
0.7342609171767251,-0.9933782055838566,class-1
0.8655584487572417,0.6575984817044913,class-1
-0.4329008187851472,0.314448917351962,class-0
-0.7285450223200068,-1.2780584791178016,class-2
-1.4101410049803234,-0.7805400982293256,class-2
-0.9123874525123897,0.1884677290662768,class-1
1.1668878756898562,0.5095362954359314,class-1
1.583377881529533,-1.4480634286431249,class-2
-0.6192364649794415,0.3131188297472641,class-0
2.6779772761698784,0.06469443909637085,class-2
-0.08398186880617295,-0.05070921986548373,class-0
-0.3032309240428677,-0.034114902514344424,class-0
1.181359223253573,-1.1993771154099337,class-2
0.6624810601645157,-0.8662269480072499,class-1
1.2653660930315649,1.4866636642531739,class-2
-0.7542060813950472,1.048210268761728,class-1
1.5816989681214926,-0.5835634723159264,class-2
-2.1654815857130014,0.3046362963480508,class-2
0.2662837304486303,-1.8087470156422523,class-2
-0.954039135544358,0.11025911748890925,class-1
-0.8074422250742472,-0.9979552870231718,class-1
-1.5656244563894521,1.025917985719278,class-2
-0.6498214781408206,0.1339599071656446,class-0
1.3142950105177515,0.13166943463538744,class-1
-1.9873401768602443,-0.2574601849114253,class-2
0.2638517010739347,-1.524415338120977,class-2
-0.46040661563924223,0.8647446916408404,class-1
-0.9934562260566775,0.5793992391740034,class-1
0.389600394794567,-1.2285985157038086,class-1
0.2276532826313042,-2.115919995470992,class-2
0.08731497400856388,0.546691605771313,class-0
-0.37732151011826054,2.0258070919112505,class-2
0.7912090390128811,-0.5082603508951309,class-1
-0.7714696452214928,1.3969615804578392,class-2
2.041745910562852,0.942312210267868,class-2
-1.8055572614170154,1.3738078274271044,class-2
0.014323258210599855,0.15618782294087746,class-0
0.4261195264046615,-0.18319134571712223,class-0
-1.098091293436016,0.039154591813124515,class-1
-0.8352857055907584,0.07024857821479363,class-0
-0.7956897629952762,-0.18384688072187927,class-0
-0.2637453878486052,1.0026509129878278,class-1
-1.023227766143298,-0.7944260534686807,class-1
0.23151273929557145,-3.351610516904678,class-2
-1.4420595418582098,-1.8772241068052957,class-2
0.7534614516583287,0.617240454356382,class-1
0.3411273134397087,-1.2875190260592986,class-1
-1.190199028095512,1.0873568257159645,class-2
0.47047365611673203,1.9478167872543153,class-2
-0.4177797974317798,0.9422381514973616,class-1
-0.036813506178282614,-0.19847651507575567,class-0
0.7757672174031766,1.3720614239496856,class-2
-0.15874172676937212,-0.6171351751023896,class-0
0.8500939893168088,0.8757158624009802,class-1
-0.20384093073864895,-0.5823075695327627,class-0
-0.878270073673366,0.9619566195553785,class-1
1.446933538199557,0.14093888559143689,class-2
0.7576628729399759,-0.007515364270778083,class-0
-0.5034210533268308,-0.14160981015580998,class-0
0.048668736883050644,0.9568568792755741,class-1
0.683418504623424,-0.5941345767748866,class-0
0.8181272862481836,-2.10685039135781,class-2
1.2386957690643992,1.3111558681125979,class-2
1.0555369736494193,0.010344015835761961,class-1
0.6967309092318439,0.9890742106954769,class-1
0.2859186604759825,-0.8189966901586768,class-0
0.1552998414824395,-1.834391306280583,class-2
1.3747989145631654,-1.096785837449347,class-2
-0.41445810177032616,-0.608586086006421,class-0
-0.13644746335417146,-1.617833905558322,class-2
0.4244730942479096,-0.16809346596524435,class-0
0.30612070101196,0.7842997697226155,class-0
-0.2971089471985412,-0.33664660436528576,class-0
-0.23664218553104593,1.1502905309161608,class-1
0.42517884227470176,0.3356579896488977,class-0
1.3317569703945535,0.0438733598289749,class-1
0.953671678165781,-0.044764807386507684,class-1
1.3100730944378527,0.03916390436185879,class-1
-0.21133608555099248,-0.11740085915495976,class-0
0.7731072066952375,-1.1551797511404318,class-1
0.5768381678745935,-2.3917216577127935,class-2
0.20764933540409175,1.0599405560591506,class-1
1.9346812294138171,-1.074305386226487,class-2
0.5363778526017037,0.36656575719312195,class-0
-1.5048759928291267,0.12598395444891058,class-2
-0.5203821202023954,-0.2714557354520736,class-0
-0.6226531984613715,0.11036885671691517,class-0
0.37427818048114503,-1.8385068318025504,class-2
0.21480752287701615,-1.4310186480793956,class-2
-0.43858571068467656,0.35503159817083757,class-0
0.09626077640338242,-1.4438895774639133,class-2
-1.4037566450525831,-1.4531651462542776,class-2
0.18167427290347155,-0.7589048395204,class-0
-0.9341477131078442,0.6139584082708136,class-1
-1.181942850927521,0.835494277920761,class-2
1.1952206715217146,0.47820226190175774,class-1
-2.176581085624116,0.7416397464647746,class-2
0.31206959779496757,0.14993167006339106,class-0
0.8592572249998405,0.34617774583274147,class-1
0.23374717642291024,-1.0719749162741792,class-1
-0.1851652289748735,-1.5928027993524858,class-2
0.32679890988978094,1.629009603349268,class-2
-0.12107996140904402,0.03681214576539992,class-0
0.4945957483210984,-0.11665720983227088,class-0
-0.39231476873390336,-0.42251273442204323,class-0
-1.7649203841448429,-0.29384703634710596,class-2
-0.4257888429147984,0.4711057998624871,class-0
-1.1675003593470266,0.3215505130474756,class-1
-0.44489434654884663,-0.9033609575476902,class-1
1.0120678647038581,-2.28414785748234,class-2
-1.3578224620375543,-0.32256478410197714,class-1
0.3576242593238943,-0.8373190793313915,class-0
0.39770177050729577,0.1577507810297153,class-0
0.38630788178086795,-0.3878992086840582,class-0
1.478126826173261,-0.4956967426899445,class-2
-0.12317821481004927,1.119262944775263,class-1
-1.0071836938060397,0.16772582205122036,class-1
-1.4365427340442345,-0.5799735991408242,class-2
0.17771044503019873,0.637338547767729,class-0
-0.6108898915685892,1.1945318745064444,class-1
-1.0369510059749418,-0.04820608148706246,class-1
-0.8130121217203724,0.7339892274185661,class-1
2.033293769466457,0.0853536188878091,class-2
1.0276776748010317,0.13110209068591813,class-1
-0.9487218229211253,-2.161845461752631,class-2
-0.12132527930836483,-0.40755002017047903,class-0
0.6170301703206962,0.3673886906306303,class-0
-1.6477981083840352,0.1694418308596864,class-2
0.6361554850394354,-1.6235333843984059,class-2
-0.38369041958098427,0.9540138158473067,class-1
-2.36396849425218,-1.0551784721031583,class-2
0.8375078724832392,1.3068740958752738,class-2
0.3724957097899999,1.5991223351493755,class-2
-1.153623990282676,0.11362445749432701,class-1
0.07879301820784587,0.16736245351170304,class-0
-0.8343641789960169,1.1714263477638722,class-1
-1.8140263481081507,0.10770414779173078,class-2
0.15637812291827763,0.33197173395348273,class-0
0.24324456985562717,0.7176907414394635,class-0
0.029965440097251415,0.1970268328773009,class-0
0.293393955641903,-0.07496495083904774,class-0
0.27861919206591823,-1.4273335895154653,class-2
-0.8590879423640695,1.1953361180028157,class-2
1.177206798052249,0.6373536828753954,class-1
1.0644827536085684,0.562368291616678,class-1
-0.932112746456269,-1.2220208715701542,class-2
0.18481327076418536,0.4604197294400478,class-0
1.4344668693460538,0.25713065241862126,class-2
-1.006269354325485,-0.3439760714337959,class-1
-0.10910851765256904,-0.488597581992664,class-0
-0.3925217049287987,-0.6091347692138098,class-0
0.9098102224535721,-1.4646020632506243,class-2
0.7215290294571908,0.10731591466196098,class-0
-0.2875910194501882,-0.9415895173506456,class-1
0.4104297531945024,0.1956740632309783,class-0
-0.3939813633024213,-0.4118261543189197,class-0
-1.993930836268036,1.2183373155853803,class-2
0.42962494063367457,1.3651487618920815,class-1
0.8537246722572774,0.23632590272777546,class-0
0.8089855150329761,0.305319779547066,class-0
0.4575164901267476,0.8602629714011955,class-1
0.8810715736226133,1.556000571839204,class-2
0.7273198470207146,-0.6742204063118639,class-1
-0.39232100251274205,-0.17439631834479785,class-0
0.542463861500237,1.2543568685727127,class-1
-0.765280061943342,-2.397498871129658,class-2
1.2084505080181531,1.7028270060092783,class-2
-0.44967507314622424,1.7318994673630033,class-2
-0.9621891799806851,0.5024472667290073,class-1
-0.045880781980918925,2.0429845253512564,class-2
-1.1230605601445518,-0.3242248189982904,class-1
-0.3489846966235856,-0.35508389822404607,class-0
1.6190092872873014,-0.15461414154690603,class-2
-0.6642241813532244,0.8815997459782084,class-1
0.0695480877572431,0.7225885016201056,class-0
0.1130961378202375,-0.9393267378659398,class-1
-0.054981143300898205,-0.4658220789196091,class-0
1.250954474226849,0.2262288205840868,class-1
0.03886556204856375,0.15431583163358636,class-0
-0.5179126500537902,0.24104847710816502,class-0
-0.15064072028152445,0.3224159827111273,class-0
-0.014936777320765185,-0.3348484836047804,class-0
2.0236005675424753,-0.2821000200372859,class-2
1.2319844712696357,-2.537388596069884,class-2
0.2294032478314346,-1.0811371127976614,class-1
0.029046772381743993,1.0753141393593546,class-1
0.8395935456672053,-0.9688316315467529,class-1
-0.8702675501809736,-0.21371215199588148,class-0
-0.7601807312287338,0.03850698249575914,class-0
1.1439879192021631,-2.015599436663098,class-2
-0.07609676861195927,-1.217396118989266,class-1
-0.38809790709960035,-1.388985136172458,class-1
0.03092541778249925,-0.4311468831819377,class-0
1.558721212843437,-1.087072376569513,class-2
1.5169467897086448,1.3511359132612295,class-2
-2.6192427269168923,-1.3970689203104634,class-2
-0.20085147829061958,-0.14169567604762318,class-0
-0.3085496016737873,0.6869464926472221,class-0
-1.7187508928621646,1.2749891193000438,class-2
-0.14730039725501845,-0.5326609725087593,class-0
1.0641141833347134,-0.09938033012642304,class-1
-0.5983678102302188,1.641046629728958,class-2
-0.8108511341406807,2.2183434830113864,class-2
-0.040571826745175454,-1.1786630894712498,class-1
0.9720908187564609,1.3034334415157371,class-2
0.7018492854920929,-0.06195274609809678,class-0
0.721092796486096,-0.32811533316854247,class-0
1.1312300916590134,-0.0665321534418896,class-1
0.1609789471789995,2.533516165346526,class-2
-0.17216311427804595,-0.8609011084935029,class-0
-0.7674210000716748,-0.8763847334453033,class-1
0.6811856501241133,0.5020192709968649,class-0
0.7592109999198332,0.5838862943753126,class-1
-0.5626002816536924,-0.6015836814142763,class-0
0.21345301927981047,0.8287094352199172,class-0
-0.3363223685796622,-1.5538341856950224,class-2
1.4939381997983447,0.5279026489428972,class-2
-2.4339022565480346,0.18576749208677126,class-2
-0.9831221345818416,-1.618805308857679,class-2
-0.6234643403560272,0.7448984493936928,class-1
-0.4675571098206837,-0.015130069360970057,class-0
-0.7670175269020002,1.4776818779376781,class-2
-0.2908060801440377,-0.4078230860685443,class-0
0.2979210652598027,0.2887323947199601,class-0
1.2820989209585543,0.11686938234111337,class-1
0.12893419124781486,-0.945252658077477,class-1
0.9096515395588257,-0.710186949441712,class-1
-0.9381773754277055,0.14186105520749914,class-1
-2.517143142096245,-1.3577908952578768,class-2
-0.4193155453317213,0.2490116763645237,class-0
-1.0234193103506461,0.30172251268289835,class-1
1.3493250629458442,1.661441013728396,class-2
-0.039004200618653756,0.2224341369699279,class-0
1.1145162842184595,1.113948633215661,class-2
-0.32483237366931933,0.6563574506292909,class-0
-1.3883901407716945,-0.2172836969368236,class-1
-1.0741533818766107,1.282648641296596,class-2
-1.9691472859735475,-0.21825116374283668,class-2
0.8408387593666566,-0.35568291025788557,class-0
1.0183553842282698,0.46534617352664587,class-1
1.214269650459279,-0.8679999995385472,class-2
0.2917303772534079,-0.18317826890522865,class-0
1.039395053042138,0.49666473422737467,class-1
0.6342411430592223,0.4752855893198915,class-0
-0.49749865840514007,-0.6885035079271756,class-0
0.16573336086491727,-0.5501327501202914,class-0
0.8560592234970398,0.9577897351368669,class-1
-0.8359540795806962,-0.10287704409166039,class-0
-1.577702091632859,0.47114374976209034,class-2
-0.803363796060271,-2.129976875582947,class-2
-0.9346787104832548,0.21145775386723586,class-1
0.7910298599579032,0.4113958771583612,class-0
0.22630093482186714,0.4274559249951163,class-0
0.5555756081410355,-2.1555909397431083,class-2
-0.9997528010881317,-0.7835221841353823,class-1
-0.29689685132050436,0.06886201461506992,class-0
0.4753660343472122,-0.14634235365483608,class-0
0.10716022778224318,1.1966908176546378,class-1
-0.46855748632585903,-0.5669874758094271,class-0
-0.8105647096253652,-1.736095758598499,class-2
0.055575559998159926,2.546833281448644,class-2
-0.3600314969949575,0.5242041709015466,class-0
-0.550691571530313,0.9442896421822814,class-1
1.5457122976592172,-0.749143264693601,class-2
-0.0923413629918523,-1.2907888661505926,class-1
-0.6913744974139358,1.0451345483842691,class-1
1.7044545503941577,-1.2283223950808901,class-2
0.16266999899753198,-0.8563065694431494,class-0
1.8823618585134785,0.7863127098804469,class-2
-0.8859543132945961,-0.09117423351856317,class-0
-0.23827846069958317,-1.013737991415864,class-1
1.5701314155797115,-0.12797463552851548,class-2
0.13507187986179395,-1.2277353416045216,class-1
-0.16719614307235198,0.666166065471662,class-0
0.2764961433738831,-3.339500178254242,class-2
-1.198104063264218,-1.273159769242533,class-2
-1.28976558176506,0.2669869855276509,class-1
1.2197107498901931,0.7960927059985686,class-2
0.29837745260117915,-0.6349069197424152,class-0
-0.22425515875756974,-0.5941767487299575,class-0
-0.9020862658517421,1.060642930486165,class-1
-0.12234690264110538,-0.4351565978547518,class-0
0.41886474740898055,0.8638798216688371,class-1
-0.15102595384705314,-0.6390503970850308,class-0
1.1471119271082366,-0.03497975011412269,class-1
-0.4746977696370589,1.0331185153998403,class-1
1.2786238880511476,0.6536268879869651,class-1
-0.4399629124065766,0.5496994183110051,class-0
-0.5572803003627007,-1.4568378693933226,class-2
0.7505361154353056,0.6982208361354789,class-1
-1.724504786074786,-0.739332789356724,class-2
1.705642942525445,0.11924332929589004,class-2
0.7614217673969923,-1.2599814784383159,class-2
0.6865660061515626,-2.213227348026831,class-2
-0.008568288010766097,-1.9890393071510153,class-2
1.030240212870275,-0.33362455179405004,class-1
0.7626695504385522,-0.814789609970448,class-1
0.7879014017276592,-1.4251631960622646,class-2
0.36903233145025566,0.6072565096596554,class-0
0.8922497157536254,0.2717956851323369,class-1
0.20228905638628883,-0.24120274980014564,class-0
